[
	{
		"spaceID": "",
		"length": "",
		"width": "",
		"height": "",
		"sqFootage": "",
		"photo": "",
		"roomType": "",
		"roomPurpose": "",
		"naturalLighting": "",
		"numberLightSwitches": "",
		"sampleReviewed": ""
	}, {
		"spaceID": "",
		"length": "",
		"width": "",
		"height": "",
		"sqFootage": "",
		"photo": "",
		"roomType": "",
		"roomPurpose": "",
		"naturalLighting": "",
		"numberLightSwitches": "",
		"sampleReviewed": ""
	}, {
		"spaceID": "",
		"length": "",
		"width": "",
		"height": "",
		"sqFootage": "",
		"photo": "",
		"roomType": "",
		"roomPurpose": "",
		"naturalLighting": "",
		"numberLightSwitches": "",
		"sampleReviewed": ""
	}
]